epoch,MAE,MSE
1,667.5435629272461,786787.48875
2,648.2686352539063,757761.9525
3,648.5869720458984,762343.979375
4,651.3552447509766,764162.0178125
5,661.5286169433593,784954.24375
6,646.0154122924805,756073.5921875
7,644.5701583862304,760405.0959375
8,631.0666537475586,737747.844375
9,605.0941424560547,690248.53375
10,615.5886001586914,706413.19375
11,629.9861459350586,731187.3621875
12,615.2931277465821,709006.9659375
13,614.7718481445313,722088.45
14,604.306004333496,696825.1509375
15,615.341799621582,716661.0446875
16,599.2076065063477,685883.6590625
17,603.267961730957,696185.51046875
18,610.4152990722656,709592.0403125
19,580.2938473510742,655858.7221875
20,583.9783193969727,664188.8346875
21,581.4484744262695,657762.1821875
22,588.9321725463867,672211.1253125
23,568.3798486328125,633021.306875
24,534.4114727783203,584910.661875
25,564.1355554199218,633794.044375
26,560.0175210571289,632846.0321875
27,567.4301019287109,637498.6759375
28,562.7976354980469,635278.9315625
29,553.7512435913086,614231.34171875
30,559.4938320922852,628297.4359375
31,567.5322866821289,644850.3265625
32,532.6727529907226,586628.663125
33,528.0402597045899,578371.11828125
34,540.0825155639649,594788.95546875
35,521.9076452636718,563868.26609375
36,538.7856640625,588781.0915625
37,530.4136999511719,578574.27078125
38,504.3441638183594,543459.1846875
39,508.0753170776367,540247.58984375
40,499.19139190673826,523047.6828125
41,513.214903717041,556951.9165625
42,502.34090209960937,526398.6853125
43,493.50664672851565,523802.89
44,493.2730792236328,515014.83234375
45,490.7140130615234,518849.6840625
46,495.0181185913086,519709.2090625
47,482.8392602539063,505154.9278125
48,491.5690234375,514051.4946875
49,489.3534887695312,506682.47234375
50,488.9324792480469,507623.5096875
51,487.95847381591796,504493.95796875
52,480.8016802978516,496607.09734375
53,482.3008654785156,500002.62734375
54,463.43204833984373,474013.93984375
55,469.45106414794924,484101.68984375
56,466.6999578857422,476276.1290625
57,466.19611419677733,469606.3703125
58,455.0772128295898,452581.6784375
59,482.0035610961914,491325.18515625
60,466.5747611999512,471286.63375
61,454.3300762939453,452268.26609375
62,457.5868621826172,466117.640625
63,446.6951000976562,446306.48171875
64,423.115224609375,417520.9146875
65,437.2144149780273,436275.21203125
66,429.44844024658204,428308.765625
67,431.2210102844238,431794.22328125
68,417.35129974365236,408288.5796875
69,426.47395599365234,419264.5390625
70,432.9451005554199,431035.41984375
71,418.709429473877,408377.834765625
72,421.16407241821287,412071.94484375
73,432.92427154541014,421581.385625
74,402.7143603515625,381911.65453125
75,421.07586975097655,409719.86015625
76,406.3519120788574,387552.980546875
77,409.17523712158203,391864.70484375
78,407.4989309692383,388865.38921875
79,386.87493942260744,358137.28578125
80,398.0324041748047,371970.8246875
81,397.35497985839845,382875.10953125
82,383.0786340332031,353934.07765625
83,389.5489208984375,361183.24203125
84,374.21178131103517,342556.24640625
85,392.06451904296875,362768.0415625
86,383.3319482421875,357431.1478125
87,386.7901251220703,354901.19609375
88,384.8217733764648,361818.416171875
89,379.9777713012695,346836.0425
90,365.6063084411621,332811.008359375
91,366.7639030456543,332020.509375
92,360.1032084655762,325145.969921875
93,366.72729782104494,325091.8890625
94,371.69592437744143,336425.15
95,361.1331506347656,326391.252734375
96,358.35771209716796,315636.736328125
97,363.84119415283203,322910.31359375
98,362.9633184814453,321195.911015625
99,350.77786041259765,304240.342421875
100,350.40717880249025,307312.680625
101,338.34736251831055,286048.8353515625
102,341.63688018798825,295846.573671875
103,343.88725784301755,291285.3478125
104,349.15480438232424,298832.9375
105,323.31971649169924,270334.05875
106,359.3111912536621,316482.13796875
107,328.81258865356443,278182.24671875
108,333.5225337219238,278449.0146875
109,316.5669064331055,255202.540625
110,323.2235804748535,265270.26609375
111,339.29605545043944,282282.821953125
112,322.15735321044923,262026.879453125
113,332.3007005310059,277088.190390625
114,324.1308435058594,265312.890546875
115,313.55692016601563,249295.01328125
116,315.80255783081054,249974.856640625
117,310.9731672668457,246470.55734375
118,317.8650250244141,260517.958515625
119,319.0244300842285,255845.6402734375
120,300.39943450927734,235147.30703125
121,315.6205450439453,252703.372421875
122,309.0108686828613,243791.701640625
123,294.83378143310546,226032.9407421875
124,299.0047964477539,229815.286953125
125,308.2368089294434,243826.812734375
126,298.79770065307616,226085.839609375
127,308.1786848449707,241023.973046875
128,301.5932551574707,228888.805390625
129,287.76808197021484,214170.03859375
130,283.736229095459,209358.80671875
131,280.0791241455078,206872.9870703125
132,295.37625579833986,224873.19640625
133,291.34154205322267,216504.0977734375
134,287.1409393310547,212010.0030859375
135,277.04882446289065,198329.96984375
136,281.05325912475587,205893.4427734375
137,272.25942291259764,193670.9875
138,281.47962646484376,204971.2979296875
139,280.801436920166,202553.13296875
140,268.16787521362306,192107.989921875
141,269.23482818603514,191609.58390625
142,268.47194610595704,190496.2073828125
143,263.1521173095703,182460.267890625
144,266.24367446899413,185514.8697265625
145,268.7121754455566,187134.193828125
146,253.94602783203126,175149.963125
147,259.30253189086915,176305.7119921875
148,257.73969528198245,176898.8186328125
149,251.59290023803712,168508.0333203125
150,244.56072723388672,162285.8212109375
151,238.77009704589844,151424.8205078125
152,251.81495376586915,169460.933515625
153,248.64647766113282,164472.0998046875
154,243.08433517456055,156220.5625
155,241.3317140197754,154174.2991015625
156,238.88272354125976,153820.586328125
157,232.65154205322267,145697.4602734375
158,241.16236450195314,157837.148125
159,237.71546951293945,149078.17796875
160,233.74982139587402,147924.9442578125
161,228.8374464416504,142298.22783203126
162,242.16496932983398,154998.76453125
163,225.78967208862304,141656.7720703125
164,225.99753402709962,138451.413359375
165,242.6747509765625,152043.133125
166,239.86419876098634,150907.0370703125
167,233.81246643066407,148978.99953125
168,225.6948863220215,140651.7105859375
169,226.07862899780272,140149.5383203125
170,225.44077392578126,139666.806015625
171,221.29740997314454,136173.59046875
172,218.2356372833252,130799.4353125
173,221.61938041687011,140915.18572265626
174,215.75715675354004,132413.6334765625
175,208.3732908630371,122653.693125
176,218.23892753601075,132035.5440625
177,208.79545333862305,125311.696171875
178,211.934083404541,126094.2923828125
179,211.34072052001954,128002.8902734375
180,205.32551536560058,117841.2633203125
181,202.9799080657959,118661.18546875
182,199.7508071899414,112773.5874609375
183,203.6249737548828,118836.5709765625
184,208.26890823364258,120779.76703125
185,200.41813606262207,114392.9891796875
186,194.67647476196288,112546.395234375
187,195.90757881164552,109995.317734375
188,192.24071533203124,106035.22548828126
189,195.76498725891113,109058.292734375
190,192.97428298950194,108108.041328125
191,200.22140808105468,112259.9975
192,190.81032203674317,103069.900703125
193,189.47921417236327,100423.3788671875
194,195.15456619262696,109507.594765625
195,186.7580480194092,98289.0037109375
196,188.0485634613037,100998.045859375
197,195.23043251037598,107118.55064453125
198,182.7805638885498,97930.03904296875
199,181.19198959350587,91888.0570703125
200,188.10513572692872,103072.861015625
201,178.32805824279785,92096.9138671875
202,181.14994918823243,94818.2133984375
203,185.78773597717284,99855.5583984375
204,179.21822776794434,96445.35068359374
205,170.86046600341797,86413.150625
206,170.18806396484376,86639.2725390625
207,174.0239936065674,91703.80126953125
208,159.2367250061035,76791.855546875
209,185.70372268676758,97025.26646484375
210,188.3559136199951,98838.1662109375
211,180.49524475097655,91979.37767578124
212,179.54189598083497,91960.053984375
213,176.59445220947265,92231.61388671875
214,170.95445404052734,87057.4482421875
215,180.85235610961914,94690.22890625
216,185.17914886474608,102891.7496875
217,177.2907873535156,95585.6934765625
218,179.9193180847168,92728.4130859375
219,171.26272567749024,85895.4300390625
220,170.56029380798338,86948.30095703126
221,165.35230964660644,82938.564921875
222,171.0667292022705,86358.10619140624
223,166.5947245788574,82997.17412109375
224,159.86797256469725,77246.57490234375
225,172.11033699035644,90026.59390625
226,162.20188697814942,79747.9698828125
227,166.61473136901856,82419.66263671876
228,170.24552314758301,85088.4619921875
229,166.16486099243164,82306.26802734374
230,157.7497241973877,75740.48322265624
231,164.48580879211426,81532.17609375
232,157.87919677734374,77052.07501953124
233,163.18093002319335,81085.9896875
234,155.31064559936524,76451.0820703125
235,157.0414365386963,76017.2326171875
236,153.5100671005249,74037.2773046875
237,153.95134826660157,73476.9860546875
238,158.50074516296388,76026.897890625
239,151.04345039367675,68902.8137109375
240,153.9297954559326,73942.1691015625
241,144.79735366821288,64339.98453125
242,149.72959518432617,67147.00716796875
243,145.87448417663575,65508.65501953125
244,142.04335464477538,63488.59509765625
245,142.9914288330078,63915.225703125
246,138.64794258117675,60712.76125
247,137.77435729980468,57378.0606640625
248,141.82866661071776,63635.9111328125
249,139.37524299621583,59566.6253125
250,133.98195121765136,56976.9896484375
251,133.85294425964355,58002.1365625
252,131.2449195098877,53746.72713867188
253,135.88477455139162,57948.56064453125
254,132.46605003356933,54889.16484375
255,143.26628105163573,62458.4175
256,133.50802574157714,55296.6917578125
257,128.29137092590332,51116.85638671875
258,132.54007598876953,55044.5245703125
259,131.80805686950683,55162.744736328124
260,123.79308723449707,48226.90250976563
261,130.55969284057616,55014.29921875
262,127.83999351501465,50504.115
263,130.0514736175537,53257.31369140625
264,128.29627250671388,51605.4922265625
265,126.53729484558106,51266.4790625
266,120.45151069641113,45691.425498046876
267,126.66013229370117,49529.32908203125
268,126.14817359924317,49686.209921875
269,125.75943382263183,48728.8952734375
270,125.24576599121093,48988.6936328125
271,120.13494468688965,45499.80119140625
272,121.51384628295898,48085.2248046875
273,118.86299552917481,46430.54262695312
274,119.33082454681397,45822.351943359376
275,117.54408576965332,42715.15172851562
276,116.23440444946289,43952.52107421875
277,123.3970015335083,48847.85001953125
278,131.65813339233398,51956.94907226563
279,128.31908378601074,51046.227509765624
280,125.90833992004394,48818.43399414062
281,123.89628341674805,49077.37935546875
282,123.45809253692627,46797.251044921875
283,125.67817810058594,51255.898203125
284,117.48910537719726,44480.34020507812
285,117.53431510925293,42685.695703125
286,115.85622802734375,42329.4735546875
287,122.12505516052246,47817.87720703125
288,148.6977410888672,63328.648720703124
289,156.3337494659424,71910.5442578125
290,156.2264949798584,73999.1025390625
291,159.23552825927734,76434.2523046875
292,146.4950733947754,64146.14970703125
293,156.395837020874,73469.1830078125
294,153.64312057495118,72433.41240234375
295,152.97362762451172,69967.1232421875
296,146.79731231689453,66224.67828125
297,149.82777275085448,69025.64755859374
298,140.51165641784667,59970.88931640625
299,139.16580192565917,57681.00560546875
300,145.0311972808838,64266.6485546875
301,139.5245923614502,58594.36806640625
302,145.42698616027832,64702.897734375
303,138.10284637451173,57902.4606640625
304,137.51837348937988,57937.95099609375
305,132.80324684143068,54241.1049609375
306,133.14114616394042,53553.25806640625
307,129.9444609069824,52688.3151171875
308,131.92988105773927,53304.7741796875
309,126.9327522277832,49349.2055859375
310,131.82873725891113,55563.0521484375
311,128.84936271667482,51283.73560546875
312,133.1787431335449,54495.33693359375
313,130.0514705657959,51850.47083984375
314,127.30685943603515,51684.34290039063
315,122.29422920227051,47097.685859375
316,123.5523225402832,47689.705078125
317,127.54977210998535,51156.3462109375
318,123.71804138183593,49953.40537109375
319,122.24780708312989,46619.29194335938
320,126.11968475341797,50531.78494140625
321,124.23741973876953,49186.991240234376
322,125.21904632568359,48609.9866015625
323,126.34414894104003,51138.27166015625
324,128.38808555603026,50300.50034179688
325,127.90910903930664,51887.466640625
326,122.84699645996093,47566.93134765625
327,121.95680000305175,44885.01630859375
328,116.83127876281738,42368.84391601563
329,122.81905372619629,46317.61340820313
330,114.21802673339843,41259.99947265625
331,115.74578575134278,44003.767578125
332,120.0139022064209,46280.97176757813
333,118.25206592559815,46412.05776367187
334,112.53286285400391,40471.6808984375
335,111.36044437408447,40698.440400390624
336,115.02472282409668,41349.6430078125
337,113.6299105834961,39763.53224609375
338,113.57152091979981,40373.05334960938
339,112.47693267822265,39830.61133789062
340,114.01074462890625,40995.5409765625
341,109.64059036254883,39052.70888671875
342,108.9652352142334,39615.117255859375
343,112.70009090423584,41831.557646484376
344,111.79320587158203,39335.111875
345,111.43628616333008,39348.731640625
346,105.77627674102783,36570.38499023437
347,112.82712326049804,40801.264267578124
348,113.83354446411133,40921.40446289063
349,102.66362358093262,33760.54095703125
350,104.66566440582275,35533.33372070312
351,106.79778457641602,37878.99498046875
352,102.49728019714355,34219.416708984376
353,108.02983863830566,39220.569931640624
354,119.48717460632324,40461.70552734375
355,112.60417167663574,36336.24763671875
356,112.22362533569336,38175.88637695312
357,111.77207992553711,37616.97806640625
358,105.21531051635742,34573.283095703126
359,109.17222297668457,36812.447109375
360,104.82017009735108,33518.79567382813
361,107.67070919036865,36753.52844726563
362,101.14480934143066,31137.9853515625
363,104.48016830444335,33898.29888671875
364,101.58096244812012,32890.49771484375
365,98.72186695098877,31083.7583203125
366,102.70574348449708,34530.25369140625
367,103.97017997741699,34403.75578125
368,102.54440486907959,34185.15278320313
369,102.73820178985596,34211.0469140625
370,104.4918804550171,34651.411064453125
371,101.47592334747314,33189.49900390625
372,98.22822174072266,30566.85740234375
373,102.48542503356934,33290.5180859375
374,98.4983334350586,32197.34859375
375,100.84440654754638,33307.11744140625
376,97.92271034240723,31659.85740234375
377,98.1120244216919,32135.20205078125
378,100.16694099426269,33483.21017578125
379,104.26202419281006,34321.204296875
380,100.42483867645264,32957.39780273438
381,102.87338569641113,33843.480185546876
382,98.71178936004638,31836.192177734374
383,98.96592079162598,31468.875205078126
384,94.65784561157227,29032.455693359374
385,92.12677642822266,28468.758173828126
386,95.97715492248535,30263.213798828125
387,90.83246822357178,27563.462036132812
388,94.9343304824829,30663.58739746094
389,93.42956031799316,29438.073876953124
390,95.52312080383301,30059.776787109375
391,93.60826824188233,29612.364453125
392,92.37271572113038,29128.330087890627
393,91.91048553466797,27999.9432421875
394,94.02323219299316,29548.54080078125
395,93.77042709350586,29014.859267578126
396,91.36509494781494,27686.0073828125
397,91.46023838043213,29026.23471191406
398,94.08306255340577,29568.574619140625
399,97.64773418426513,31164.365908203126
400,132.34682281494142,54452.60970703125
401,126.72951919555663,50504.84138671875
402,136.04840438842774,55792.8705859375
403,131.93656970977784,55120.61619140625
404,124.10930381774902,49939.820859375
405,132.34448654174804,54458.048984375
406,133.39848518371582,56180.6407421875
407,128.09064430236816,51087.81556640625
408,127.71480514526367,49302.585078125
409,117.05204040527343,44827.637490234374
410,111.45479751586915,41373.60426757813
411,111.1133194732666,38834.03267578125
412,115.01903106689453,42629.3945703125
413,111.39439086914062,40114.89241210937
414,110.31267074584962,39691.9971875
415,112.6567720413208,39427.05260742187
416,116.07003829956055,42353.5313671875
417,110.02965930938721,38517.71078125
418,110.2271183013916,39663.701689453126
419,105.83892318725586,36359.24333007813
420,105.45966934204101,37037.42810546875
421,105.80543678283692,36421.89013671875
422,104.8585865020752,37143.31314453125
423,103.24410144805908,36004.46958007813
424,105.40157649993897,34882.76805664063
425,100.98014247894287,34286.88736328125
426,98.65611030578613,32639.914189453124
427,97.37467357635498,31306.618017578126
428,101.71561920166016,32857.19838867187
429,100.84433589935303,31812.16416015625
430,100.16658653259277,31115.52037597656
431,100.08794242858886,32176.35345703125
432,97.80242908477783,31260.454140625
433,102.87871147155762,34683.60890625
434,97.86264770507813,31402.629912109376
435,95.4489852142334,28664.11677734375
436,99.40229785919189,33403.41034179687
437,98.19066295623779,31467.4346484375
438,100.47646514892578,32586.66623046875
439,100.27937770843506,31190.595380859377
440,105.57446544647217,33195.76841796875
441,100.4088236618042,31160.5051171875
442,105.37580871582031,34703.76693359375
443,104.26214485168457,33421.531381835935
444,102.54849082946777,33765.90201171875
445,95.5527968597412,30762.514853515626
446,98.05532669067382,29974.352998046874
447,99.4332836151123,31032.174287109374
448,94.48238666534424,28686.98935546875
449,99.68139533996582,32027.932099609374
450,97.40321147918701,31060.491748046876
451,92.17694320678712,28764.123642578124
452,91.43388004302979,27817.387568359376
453,91.85358078002929,27561.6216015625
454,96.28029300689697,31736.729189453126
455,96.32562778472901,29727.81193359375
456,92.51280498504639,28267.970654296874
457,96.82364974975586,30376.627490234376
458,97.07853160858154,30900.0291015625
459,95.25672882080079,30579.58043457031
460,88.4929905319214,26458.823784179687
461,87.82041179656983,26615.950087890626
462,82.58204055786133,23252.693095703125
463,87.27019798278809,25350.581069335938
464,86.69781909942627,26197.8378515625
465,88.62889053344726,25942.5457421875
466,93.12193496704101,27579.38929199219
467,90.34742549896241,26947.5109375
468,90.18467895507813,27470.2499609375
469,85.8709094619751,26073.037485351564
470,87.45903148651124,25869.829853515625
471,87.16886116027833,25236.820927734374
472,84.84357582092285,23837.538701171874
473,84.38270481109619,24152.306372070314
474,86.6970386505127,25698.154736328124
475,88.63225162506103,27058.80517578125
476,86.03764442443848,24634.37712890625
477,86.73272331237793,24330.5812890625
478,89.48936046600342,26632.162641601564
479,89.13588123321533,25635.914736328126
480,84.93876571655274,24610.2071484375
481,87.97760498046875,25709.8779296875
482,84.63854629516601,23785.7528125
483,82.08025573730468,23008.191884765623
484,83.15773685455322,23986.292861328126
485,80.29864902496338,22929.636552734373
486,84.36538688659668,23687.17509277344
487,87.81201721191407,25709.813286132812
488,84.84670391082764,25535.022685546875
489,90.06645175933838,27244.541953125
490,86.30822200775147,25220.022783203123
491,84.82691650390625,25198.5078125
492,80.77180835723877,22302.30703125
493,85.53294830322265,24112.396899414063
494,89.65580486297607,26458.480375976564
495,85.44583129882812,23946.80094238281
496,81.6387455368042,22731.221625976563
497,88.86483444213867,25228.18166503906
498,91.10087875366212,26930.924721679687
499,88.19103214263916,25816.280234375
500,89.75333152770996,27097.019345703124
501,91.53488166809082,27633.8127734375
502,91.24799835205079,28345.138481445312
503,87.213381690979,25375.968969726564
504,89.55947204589843,26251.098095703124
505,88.7747562789917,26021.888706054688
506,87.1427490234375,25661.555385742187
507,90.22430618286133,26683.28171875
508,87.17954792022705,24915.53174316406
509,86.6300881576538,24988.402612304686
510,88.75341690063476,27165.895087890625
511,85.36823616027831,24283.616323242186
512,87.46471508026123,25817.45994140625
513,85.49642429351806,25408.021123046874
514,81.03634086608886,22562.812626953124
515,87.37632717132568,25244.8909375
516,86.34618228912353,25116.9915625
517,88.00947792053222,26018.58712890625
518,80.63967189788818,22165.199580078126
519,86.4098182296753,25732.45552734375
520,90.78715206146241,26584.181748046874
521,90.90000701904297,27821.853295898436
522,86.5547441482544,26601.505107421875
523,83.38198863983155,24310.97841796875
524,84.97579341888428,24769.644458007813
525,85.75409072875976,25445.684853515624
526,84.54382194519043,25302.4451953125
527,85.27920722961426,24834.51951171875
528,88.53097858428956,27218.97185546875
529,86.88728885650634,25890.11748046875
530,79.5994299697876,21777.5965234375
531,85.29420810699463,25084.131538085938
532,83.8700923538208,23887.634418945312
533,84.71068103790283,25095.12908691406
534,86.73632690429687,26173.534404296875
535,84.66698219299316,24411.20095703125
536,85.03217914581299,25093.07750488281
537,86.51496997833252,25249.23345703125
538,84.45831340789795,24370.33998046875
539,80.8348173904419,23737.3019921875
540,82.68617652893066,24603.067768554687
541,84.42984077453613,24331.000654296877
542,85.16003116607666,24385.685185546874
543,86.89682052612305,25863.786845703125
544,80.15996635437011,21712.795087890627
545,83.35844078063965,23864.948510742186
546,86.63895713806153,24591.717536621094
547,84.51563999176025,23991.313129882812
548,88.369075050354,26701.310712890627
549,82.71023811340332,23203.82192871094
550,85.5740595626831,25720.48046386719
551,91.12841152191162,27152.56216796875
552,92.7910599899292,26607.52478515625
553,87.96764049530029,25846.283408203126
554,84.1626485824585,23432.09919921875
555,86.06630023956299,25406.510551757812
556,88.21162368774414,25291.2687109375
557,98.84234451293945,30014.10953125
558,98.72867881774903,31636.64443359375
559,94.73568252563477,29310.894140625
560,91.06667789459229,27235.863334960937
561,88.55051689147949,26495.899223632812
562,90.72647079467774,27691.1912109375
563,93.1392865371704,29357.400634765625
564,88.99999767303467,25622.37826171875
565,92.51882144927978,28411.802119140626
566,88.94068309783935,26268.958388671876
567,89.38079124450684,27383.18052734375
568,91.11038528442383,27806.449291992187
569,91.26718498229981,28721.45111328125
570,89.23069721221924,27304.690444335938
571,90.36537693023682,27517.727216796877
572,87.33608287811279,26180.565395507812
573,94.08212635040283,29228.073935546876
574,89.23589595794678,26261.428857421874
575,89.98933166503906,27256.1653515625
576,89.62035545349121,26932.10427734375
577,84.96885272979736,24558.4668359375
578,91.6878331375122,27745.48384765625
579,89.66671451568604,26618.250122070312
580,89.02285099029541,27015.4429296875
581,88.7476304244995,27041.97669921875
582,90.14823303222656,26967.00625
583,82.47630710601807,23712.903935546874
584,90.18989318847656,29003.37798828125
585,87.06959266662598,26613.43642578125
586,87.27279479980469,25251.2626171875
587,89.14131896972657,27065.799794921873
588,84.34135593414307,23898.008525390625
589,81.6545016860962,22492.59508300781
590,85.91792671203613,25050.929750976564
591,86.74843425750733,26486.484487304686
592,84.10842098236084,23517.209375
593,94.07225631713867,28061.126572265624
594,88.39708740234374,24849.88701171875
595,82.64350849151612,23624.51453125
596,81.590471534729,22468.59564453125
597,84.65627559661866,25120.535966796873
598,81.58204875946045,23041.62119140625
599,89.20919956207275,26461.092265625
600,86.43570362091064,25412.66427734375
601,83.61242668151856,23934.87107421875
602,83.90523498535157,24489.430698242188
603,87.40231567382813,25855.9970703125
604,79.05851203918456,21771.331430664064
605,83.42673122406006,22701.637680664062
606,87.27245929718018,24867.399912109377
607,85.15945655822753,24785.99033203125
608,88.2085684967041,26012.10595703125
609,81.39597980499268,22844.42400390625
610,84.13909812927245,23490.32485839844
611,83.17074741363525,23525.021245117186
612,86.2417527770996,24561.49828125
613,89.51754661560058,25811.9517578125
614,89.8072589111328,26752.679057617188
615,84.88685882568359,24603.65022949219
616,85.78025421142578,24916.170625
617,84.22079605102539,23860.711494140625
618,86.89926860809327,25189.477548828127
619,81.67824741363525,22609.22203613281
620,85.45957118988036,24846.285185546876
621,85.09544033050537,24246.901948242186
622,82.99046230316162,24337.246845703125
623,80.77870094299317,22963.879091796876
624,83.188405418396,24533.638706054688
625,81.50301410675048,23571.316181640625
626,82.94424289703369,24410.842846679687
627,81.59128479003907,23079.221440429686
628,85.00080451965331,25758.256440429686
629,82.09606586456299,22610.814140625
630,79.60560901641846,23380.106318359376
631,81.19040565490722,23353.203203125
632,81.94152084350586,23468.603041992188
633,84.29434597015381,23888.946455078127
634,82.97298965454101,24158.5555078125
635,84.3300923538208,24253.0942578125
636,82.59809715270995,23296.5178515625
637,79.54143184661865,22871.632890625
638,79.54388156890869,22224.1921875
639,83.45612194061279,24083.150043945312
640,80.59902675628662,24183.80833984375
641,86.0175577545166,25279.5948828125
642,79.49141658782959,21068.093681640625
643,81.58687938690186,22468.18359375
644,82.0171431350708,23889.706279296875
645,84.33856945037842,24672.180810546874
646,82.46796607971191,23223.73910644531
647,82.393349609375,23840.03904296875
648,80.51736721038819,21993.252080078124
649,79.44667873382568,22301.390625
650,77.91928462982177,21217.280869140624
651,78.95028480529785,22226.40822265625
652,82.49271732330322,24298.301318359376
653,78.91398971557618,22065.72003417969
654,75.70547870635987,21325.100458984376
655,80.1940474319458,22485.832646484374
656,77.1701566696167,21633.580654296875
657,79.34777462005616,22499.223754882812
658,81.10418201446534,23046.20345703125
659,79.37459720611572,21679.85962890625
660,80.81824287414551,23765.32197265625
661,83.47140018463135,23622.851875
662,81.24983097076417,22966.73083984375
663,82.12167282104492,23191.20849609375
664,79.37037979125977,21873.39597167969
665,80.75852996826171,22234.128408203123
666,85.35041706085205,25098.12154296875
667,79.93765636444091,22905.941884765623
668,81.68847133636474,23091.745151367188
669,82.24130443572999,23890.903828125
670,80.16443103790283,22225.442470703125
671,82.21931243896485,23600.381630859374
672,79.198846950531,22364.5654296875
673,79.6010359954834,22480.123623046875
674,79.93530460357665,23366.852978515624
675,79.50209815979004,22932.846606445313
676,81.54207061767578,23469.4374609375
677,77.11557319641113,21060.2302734375
678,77.53459846496582,20721.814350585937
679,79.17658145904541,21352.11263671875
680,80.87233867645264,22488.203630371092
681,80.09837631225587,22571.479912109375
682,79.5847431564331,22503.285244140625
683,79.40617588043213,22226.79693359375
684,82.74883087158203,24129.571528320314
685,80.54992225646973,21865.631865234376
686,75.94921627044678,20451.63700683594
687,80.18281269073486,23190.34570800781
688,80.37465019226075,22748.277861328126
689,80.05385551452636,21903.950009765624
690,78.05868049621581,21709.923583984375
691,83.43576873779297,24471.957407226564
692,84.05853679656983,23647.06322265625
693,79.41789588928222,22304.638701171876
694,84.91079895019531,23334.394013671874
695,83.29458835601807,23427.87486328125
696,82.72449871063232,23687.61537109375
697,85.19283638000488,25486.486767578124
698,75.78394985198975,20629.095185546874
699,80.27702377319336,21566.879443359376
700,81.06726440429688,22168.346098632814
701,79.33534618377685,21340.822900390624
702,78.70756488800049,22396.039458007814
703,84.52763103485107,25493.12953125
704,79.99969902038575,23677.226333007813
705,79.045728225708,21078.859150390625
706,78.76497669219971,22497.958422851563
707,79.0023564529419,21582.915893554688
708,78.07278579711914,21727.082822265624
709,78.75644638061523,22035.187514648438
710,81.52259380340575,22706.66099609375
711,78.73601715087891,21617.718315429687
712,78.9131565475464,22612.697001953125
713,81.70557991027832,22950.8886328125
714,79.23647567749023,21740.606015625
715,83.23654350280762,22837.886938476564
716,78.54371974945069,22369.876723632813
717,80.55028060913087,22415.693461914063
718,83.74335098266602,23899.786923828124
719,81.80198139190674,22804.960859375
720,80.82668025970459,22730.411787109377
721,79.33933513641358,22111.46173339844
722,78.9557459640503,22642.00031738281
723,75.33144664764404,20305.116450195314
724,80.4503702545166,22965.23095703125
725,79.08805515289306,22560.675537109375
726,78.1693907546997,22437.014995117188
727,84.12052856445312,25014.75602050781
728,79.90518711090088,21674.976118164064
729,79.69383930206298,22068.48361328125
730,80.72468742370606,21882.25028808594
731,80.72709865570069,23611.121513671875
732,79.08446075439453,21896.646987304688
733,72.00449359893798,19105.819091796875
734,79.9374460220337,21837.8300390625
735,82.5411470413208,24227.35171875
736,78.31514781951904,21084.26330078125
737,74.96606983184815,20288.970424804687
738,79.17827243804932,22209.210927734373
739,80.0386281967163,23633.44254394531
740,80.23395256042481,22491.183354492186
741,80.3046675491333,23018.71421875
742,82.00762428283691,23817.865009765625
743,78.24706325531005,21756.55283203125
744,78.67596321105957,21706.959599609374
745,80.81302265167237,23202.699970703125
746,74.39731006622314,19876.698994140625
747,78.80784355163574,21380.309384765624
748,79.46651969909668,22717.471098632814
749,80.14373218536377,22338.9032421875
750,77.83948619842529,21814.721293945313
751,77.03291690826416,21992.329287109376
752,81.56605583190918,23398.090546875
753,82.37202293395995,24435.697373046874
754,79.10936195373534,21844.886279296876
755,78.30080368041992,22041.04693359375
756,77.15748397827149,21260.12494140625
757,81.13879199981689,23388.596201171877
758,78.7430556488037,22814.401645507813
759,76.48486152648925,20417.5101171875
760,78.23688236236572,21990.885732421873
761,76.84386878967285,21613.743618164062
762,78.35310153961181,21174.08923828125
763,76.88698028564453,21815.208583984375
764,80.10358726501465,22622.24969238281
765,76.97593376159668,22037.75408691406
766,80.74083633422852,23201.473056640625
767,73.80949161529541,19809.597138671874
768,75.87294048309326,20766.185
769,79.05806987762452,22362.016142578126
770,79.65690711975098,22795.30729980469
771,77.41299674987793,21133.95134765625
772,75.21285667419434,20321.5821484375
773,77.84343067169189,21323.235903320314
774,81.57629188537598,23194.292802734373
775,78.0517720413208,21097.567778320314
776,76.90337589263916,21293.27111328125
777,80.8676794052124,21695.639482421873
778,78.37372901916504,22149.908100585937
779,76.25129608154298,20619.089428710937
780,78.13678714752197,21842.929008789062
781,76.25204704284668,20946.27619628906
782,78.18299644470216,22216.76447265625
783,77.35383041381836,20649.76249511719
784,75.98401615142822,20789.066064453124
785,79.80417697906495,22350.1083984375
786,74.95943572998047,20348.339946289063
787,76.70812957763673,21665.35841796875
788,79.52201374053955,21897.976967773437
789,76.12673400878906,20225.871982421875
790,75.99664501190186,20432.718500976564
791,77.19410106658935,20955.613237304686
792,75.70363342285157,21055.097290039062
793,77.70639640808105,21844.3358203125
794,81.11533073425294,22972.726166992186
795,77.27711761474609,20613.81841796875
796,78.12769081115722,22550.830776367187
797,73.1838843536377,19840.636025390624
798,74.36726295471192,19647.89642578125
799,77.32185836791992,20989.773383789063
800,74.39501441955566,20031.579599609377
801,78.38992668151856,21285.12564453125
802,78.41641899108886,21499.32194580078
803,81.03618507385254,22962.250405273437
804,74.63298435211182,20589.539028320312
805,76.32495944976807,21332.42736328125
806,77.95812431335449,21677.542563476563
807,77.3198455810547,21670.84244628906
808,78.97711200714112,23267.643276367187
809,74.74549076080322,20525.87748046875
810,72.06766742706299,18768.367456054686
811,72.44148353576661,18751.897934570312
812,80.46561756134034,23262.713701171873
813,78.61143074035644,22528.086469726564
814,77.59473224639892,21154.746640625
815,80.80715118408203,24062.833876953126
816,77.57808666229248,21179.557475585938
817,76.75551265716553,21326.368120117186
818,76.55697357177735,20937.834091796874
819,80.05052265167237,22120.239272460938
820,74.7068412399292,20526.83185546875
821,77.47417701721191,21707.913510742186
822,73.99411155700683,19872.47017578125
823,77.32557956695557,21145.41650878906
824,75.96093090057373,20211.986557617187
825,74.44561248779297,20685.028276367186
826,74.15135620117188,19752.06490234375
827,76.76214817047119,21351.183032226563
828,79.53282833099365,21742.923481445312
829,81.06457214355468,22821.087788085937
830,76.28641494750977,20380.779829101564
831,73.45112033843994,19771.322939453126
832,78.43905361175537,22906.70751464844
833,76.55436473846436,20861.23947265625
834,75.01878829956054,20644.563916015624
835,75.50481159210204,20595.103916015625
836,75.18571212768555,20899.639887695314
837,74.3901706314087,21118.80890625
838,78.07741729736328,21400.02154296875
839,73.80394355773926,19505.995561523436
840,73.99110271453857,20017.652534179688
841,76.44394649505615,20803.120908203124
842,75.79473983764649,20008.897138671877
843,80.31810428619384,21887.332309570313
844,77.02663230895996,21729.955502929686
845,80.88160972595215,23365.807807617188
846,77.93361701965333,21532.25833984375
847,77.70449001312255,21529.19869140625
848,74.2182663345337,20050.624104003906
849,75.68258094787598,21020.907490234375
850,80.45587757110596,22455.407626953125
851,78.11417766571044,21525.404018554687
852,81.77468265533447,23510.0506640625
853,79.95073249816895,22475.831772460937
854,78.72780868530273,21633.0666015625
855,81.71775871276856,22793.77583984375
856,82.77880702972412,24333.045703125
857,77.11414287567139,20690.293681640625
858,80.24870121002198,23111.725146484376
859,76.52223526000977,21049.968979492187
860,78.90826881408691,21620.10331542969
861,76.7147142791748,20745.28837402344
862,80.22276538848877,23496.192143554686
863,81.21705238342285,22631.128642578125
864,78.0572903060913,21011.574443359375
865,79.2250804901123,22317.07181640625
866,78.70725414276123,21707.733920898438
867,82.28714656829834,23028.665517578123
868,79.37124046325684,22018.259853515625
869,80.58960987091065,23601.03576171875
870,78.9221166229248,20989.303588867188
871,82.0446240234375,23755.257211914064
872,76.97005348205566,21463.203974609376
873,78.06774124145508,21337.395610351563
874,78.29990169525146,21676.64635253906
875,76.86643054962158,21159.45667480469
876,75.71898067474365,20672.32470214844
877,78.78180202484131,22426.618666992188
878,77.41248424530029,21432.636088867188
879,80.42664741516113,22010.424267578124
880,80.67410850524902,22490.42981933594
881,81.23014041900635,22607.29721191406
882,78.30984252929687,21491.54329589844
883,86.46246196746826,24380.995083007812
884,79.6881618118286,21676.29353515625
885,79.34977031707764,22190.88630859375
886,76.4017387008667,20205.027880859376
887,77.68145221710205,22208.827114257812
888,77.09959888458252,21443.48955078125
889,82.91362701416016,23163.042021484376
890,84.0728113937378,23770.621962890626
891,83.94319812774658,23774.277392578126
892,79.51013317108155,21656.210434570312
893,79.82267547607422,23234.183720703124
894,84.19053787231445,23744.48978515625
895,81.9022315979004,22662.73185546875
896,79.97400959014892,21873.964326171874
897,76.94166282653809,20385.433291015626
898,83.13804466247558,24267.43470703125
899,77.43685787200928,20922.519096679687
900,78.03007236480713,22501.07391845703
901,79.60514316558837,21964.94497558594
902,78.56696079254151,21216.35626953125
903,76.25531707763672,20041.70097167969
904,79.41249969482422,22970.749262695314
905,77.5852318572998,22061.009443359377
906,75.25235534667969,20189.779018554687
907,73.56033683776856,19888.906635742187
908,75.65729701995849,20106.4976171875
909,75.99178672790528,20622.70407714844
910,77.77386932373047,21436.884233398436
911,75.58221794128418,21113.53254394531
912,78.13509201049804,21855.212021484374
913,79.52673454284668,22051.435771484375
914,76.50835968017579,20861.823603515626
915,76.39899875640869,20990.0794140625
916,75.28593421936036,19778.67200683594
917,76.48443294525147,21298.163041992186
918,75.46148654937744,21684.71597167969
919,77.20168109893798,21010.948828125
920,76.56322814941406,21695.642016601563
921,78.68329647064209,21410.190200195313
922,76.44686042785645,20990.534624023436
923,77.311106300354,21249.268588867188
924,76.79901802062989,22255.38557128906
925,76.84355846405029,22314.004291992187
926,76.26183765411378,20563.674096679686
927,77.61751667022705,21953.620263671874
928,78.8011120223999,22407.43749511719
929,72.98838626861573,19376.875546875
930,78.51833824157715,22323.2959765625
931,74.22044990539551,19796.977890625
932,77.04251277923584,21065.20255859375
933,76.06548572540284,22051.491572265626
934,81.50569786071777,23956.525048828124
935,80.32785034179688,21867.078857421875
936,77.76716567993164,20693.93276855469
937,78.3767733001709,21206.108193359374
938,76.3020276260376,21200.073037109374
939,76.62563320159911,21127.53208984375
940,78.9995394897461,22210.941015625
941,79.09907691955567,22115.006264648437
942,77.49596630096435,21882.451254882813
943,79.5109716796875,22936.440336914064
944,76.31738414764405,20765.260830078125
945,78.61659324645996,21702.467900390624
946,79.44025657653809,22454.981430664062
947,80.26865421295166,22527.905224609374
948,71.48747970581054,18659.259399414062
949,81.71607414245605,24486.04279785156
950,78.01164625167847,22091.887229003907
951,79.38068546295166,22907.104228515625
952,77.68290390014648,21836.724536132813
953,78.56587779998779,21775.091206054687
954,79.15611061096192,22796.73076171875
955,77.06404163360595,20461.822563476562
956,75.21600933074951,20892.38947753906
957,79.80996452331543,22799.600317382814
958,76.15322212219239,21046.45583984375
959,76.00782791137695,20613.65704589844
960,78.27553600311279,21220.474497070314
961,78.61175601959229,22038.426259765623
962,76.49300273895264,19908.809624023437
963,81.89062267303467,22762.767978515625
964,81.3928401184082,23791.24072265625
965,82.39848838806152,23672.90019042969
966,80.98704925537109,22458.60736328125
967,78.7897367477417,22182.72841796875
968,81.497638130188,23464.025795898437
969,76.55982486724854,21426.15250488281
970,75.34552555084228,19995.501655273438
971,76.4898567199707,22023.219504394532
972,77.02006229400635,21411.473247070313
973,77.48698631286621,21913.76041503906
974,75.72038833618164,21282.5672265625
975,75.94475128173828,21246.52850097656
976,76.76627353668214,21555.236801757812
977,73.44499431610107,19594.69950683594
978,75.45964405059814,20110.096018066408
979,80.27089630126953,22182.42333984375
980,73.89086429595947,19479.964750976564
981,73.81884891510009,20104.107275390626
982,76.00338970184326,21727.837275390626
983,76.08464694976807,21506.8422265625
984,83.4797278213501,23925.09408203125
985,80.63923534393311,23219.17962890625
986,78.86244190216064,21219.48404296875
987,78.27840312957764,21686.374306640624
988,79.64050239562988,22030.427690429686
989,76.05732345581055,20555.93765625
990,73.54871372222901,20375.309326171875
991,78.16876194000244,20696.178017578124
992,87.18135681152344,24352.81674316406
993,83.26276782989503,23867.15345214844
994,86.72855796813965,24147.31090332031
995,86.34814216613769,24501.271640625
996,84.13043560028076,24837.773154296876
997,82.46797290802002,23864.700297851563
998,79.24802810668945,22369.293081054686
999,83.50251155853272,24287.433642578126
1000,82.87115032196044,24167.698486328125
1001,80.84710117340087,22496.085922851562
1002,82.98851650238038,23979.885244140623
1003,83.41985923767089,23206.49010253906
1004,84.0606527709961,24361.6524609375
1005,78.49905723571777,21387.57745605469
1006,83.61051593780518,24516.130322265624
1007,82.26909828186035,23772.439750976562
1008,83.73779273986817,24808.15623046875
1009,83.85751243591308,24693.342958984376
1010,81.65422122955323,23877.971103515625
1011,82.91797428131103,24126.959506835938
1012,80.9848129272461,23165.909626464843
1013,80.66604862213134,22285.72806640625
1014,83.25006645202637,23991.292236328125
1015,79.74172615051269,21630.963637695313
1016,79.69402492523193,21725.009208984375
1017,82.74028327941895,23640.17120605469
1018,82.36693412780761,22683.46333984375
1019,77.50070598602295,21018.266923828123
1020,80.40637619018554,22405.63318359375
1021,79.8395785522461,21999.00828125
1022,78.75566562652588,22645.033369140627
1023,77.63582527160645,21373.469223632812
1024,77.44013370513916,20676.007822265627
1025,75.16207382202148,20802.009365234375
1026,77.67362266540528,21460.366396484376
1027,71.1613542175293,18861.15953125
1028,80.64970245361329,23525.657973632813
1029,76.57000862121582,20578.15693847656
1030,79.19310810089111,23107.48546875
1031,76.99774696350097,21681.666396484376
1032,75.74625686645508,20942.62205078125
1033,78.22777126312256,22136.0472265625
1034,75.2924303817749,21176.325541992188
1035,76.86827945709229,21837.00963378906
1036,77.95642726898194,22313.410458984374
1037,78.08468807220459,21474.89729980469
1038,77.47508563995362,20210.028247070313
1039,75.52086116790771,21823.416401367187
1040,76.73446500778198,20765.232631835937
1041,81.6985377883911,22901.339233398438
1042,84.14192726135254,24703.05861816406
1043,82.05664188385009,23418.985302734374
1044,78.61216022491455,21786.749052734376
1045,76.3846717453003,21706.785849609376
1046,75.98825805664063,20934.34056640625
1047,76.16930858612061,20265.416606445313
1048,82.34469909667969,22271.538681640624
1049,83.07429706573487,22210.977631835936
1050,79.44913974761963,21931.714833984373
1051,78.2831318283081,21507.328315429688
1052,77.81810031890869,20874.11587402344
1053,78.04684261322022,21513.274809570314
1054,83.67666355133056,21919.00471191406
1055,75.47787544250488,20808.510703125
1056,80.41668258666992,22642.438857421876
1057,79.67056468963624,22540.14830078125
1058,76.35462665557861,20844.64030761719
1059,79.61025058746338,22688.564951171877
1060,78.50889400482178,22386.816083984377
1061,76.67496509552002,21194.334384765625
1062,73.46745513916015,19316.699404296876
1063,77.52990425109863,21029.633979492188
1064,78.2913663482666,21649.48267578125
1065,77.58251949310302,21282.89571044922
1066,77.33313995361328,21345.63341796875
1067,77.23240959167481,21833.7642578125
1068,84.2900496482849,24514.300874023436
1069,85.10070594787598,24945.688505859376
1070,76.9680337715149,21952.034614257813
1071,77.85569217681885,21820.41845703125
1072,76.75221904754639,21860.426723632812
1073,77.93890338897705,21556.69138183594
1074,75.86852745056153,21094.32666503906
1075,77.34623287200928,21468.442807617186
1076,80.53777702331543,23488.94580078125
1077,83.77299293518067,24893.816352539063
1078,80.20563564300537,23495.72126953125
1079,81.40605760574341,24068.68029296875
1080,76.39508293151856,21257.17958984375
1081,79.35785636901855,22608.81763671875
1082,76.9587936782837,22081.427685546874
1083,80.75357162475586,23358.502587890624
1084,77.70760353088379,21518.297646484374
1085,78.98318809509277,23099.619670410157
1086,78.22129901885987,22282.819111328125
1087,77.24949565887451,21592.188491210938
1088,77.26198135375977,21913.492709960938
1089,76.93103982925415,22060.03625
1090,75.65144645690918,20265.272841796876
1091,80.46299217224121,23266.438891601563
1092,81.33357246398926,22427.714423828125
1093,79.29860626220703,22378.96888671875
1094,78.6055241394043,21364.6207421875
1095,77.3794081878662,21217.675634765626
1096,82.09834075927735,22573.854870605468
1097,81.80816844940186,24179.04333984375
1098,79.40633674621581,22270.6441796875
1099,79.22712718963624,22321.73787109375
1100,81.0256844329834,23075.021762695313
1101,79.53438995361329,22402.115068359373
1102,77.79324150085449,22122.272084960936
1103,76.44618698120117,20845.663432617188
1104,77.8782861328125,21910.632021484376
1105,76.79884986877441,21320.321103515624
1106,80.22888278961182,22560.784106445313
1107,81.57991931915284,22822.686513671873
1108,75.07790206909179,20882.760998535156
1109,78.1530358505249,21441.62994140625
1110,80.40281555175781,22483.53679199219
1111,79.60509094238282,22520.023466796876
1112,75.60577159881592,20157.594033203124
1113,79.50049594879151,22627.5003125
1114,78.38085479736328,22226.75302734375
1115,77.84400733947754,21308.777553710937
1116,79.76463920593261,22307.078720703124
1117,77.93934349060059,22763.687055664064
1118,75.45477531433106,19450.686333007812
1119,76.76609825134277,20778.664306640625
1120,80.20020011901856,23848.663139648437
1121,80.6751273727417,23380.787080078124
1122,77.80871299743653,21761.3089453125
1123,76.97612812042236,21495.554873046876
1124,80.34008638381958,23134.613522949217
1125,76.71705127716065,21323.982514648436
1126,79.60277542114258,21968.291088867187
1127,81.64611366271973,22334.695927734374
1128,77.50731479644776,21153.706997070312
1129,74.46697185516358,20023.418095703124
1130,83.73266967773438,24424.1219140625
1131,79.03215089797973,22132.0068359375
1132,74.8956074142456,21016.59810546875
1133,76.55225315093995,20959.371240234374
1134,75.59092967987061,19725.203530273437
1135,77.91544101715088,21280.831884765626
1136,75.33236064910889,20100.68783203125
1137,72.53336421966553,19302.077412109375
1138,74.97301122665405,20943.62664550781
1139,73.11958347320557,19520.659233398437
1140,74.33687255859375,20450.495498046876
1141,75.63033214569091,20808.053447265625
1142,78.05363574981689,21169.458198242188
1143,78.51905067443847,22706.73857421875
1144,71.34689262390137,18553.573349609374
1145,72.30668678283692,18674.27456542969
1146,72.13444234848022,18948.31802734375
1147,73.7134846496582,19993.44291015625
1148,75.25040691375733,20998.19202392578
1149,77.14992822647095,22158.245871582032
1150,74.20970668792725,20105.173603515625
1151,74.538408203125,20881.891806640626
1152,76.03599391937256,20995.307407226563
1153,77.2762455368042,21169.32787109375
1154,75.49331508636475,21301.55271484375
1155,76.8818574142456,21594.920981445313
1156,77.55319149017333,22248.958110351563
1157,76.1435008239746,20025.680234375
1158,75.85217643737793,20652.69896484375
1159,76.9700244140625,20833.46302734375
1160,76.60784122467041,21367.299721679687
1161,80.85388404846191,22653.193330078124
1162,78.8278565979004,22553.38805175781
1163,80.08515323638916,23384.91536621094
1164,75.3613296508789,20711.32712890625
1165,80.4939232635498,22958.29704589844
1166,73.46707025527954,19913.160083007813
1167,75.59606334686279,20924.457783203125
1168,77.42306304931641,21770.58009765625
1169,77.96088047027588,21413.65119628906
1170,75.32813270568847,20013.64488769531
1171,80.47857833862305,22279.03551269531
1172,82.70346607208252,25319.648510742187
1173,75.9932233428955,20346.742065429688
1174,75.52740867614746,21167.413227539062
1175,75.1233512878418,20030.60689453125
1176,76.41050266265869,20871.942797851563
1177,73.99738189697266,19317.63337890625
1178,79.05905214309692,21924.855014648438
1179,78.1898034286499,21686.419921875
1180,75.2077575302124,20192.33936035156
1181,77.04469551086426,21579.43993652344
1182,76.87430980682373,21466.212280273438
1183,73.81219520568848,20024.261791992187
1184,82.81434295654297,23032.63998535156
1185,80.27050895690918,22766.574462890625
1186,77.1393675994873,21242.514755859374
1187,76.80693691253663,20569.61330566406
1188,77.14434860229493,21100.548325195312
1189,77.91496395111083,21127.537817382814
1190,75.0754845046997,20580.475356445313
1191,77.54324874877929,20705.346884765626
1192,74.52655548095703,19865.318920898437
1193,77.5687869644165,21689.70817871094
1194,75.85467189788818,21103.720200195312
1195,72.85398895263671,19689.787314453126
1196,79.08226894378662,23216.13984375
1197,76.965549659729,22273.275810546875
1198,73.60175590515136,20327.387763671875
1199,74.44902675628663,20009.300107421874
1200,77.59565544128418,20701.509658203126
1201,73.632792263031,19820.94598144531
1202,72.64027561187744,19359.146799316408
1203,73.80338771820068,20074.177666015625
1204,75.12174365997315,20061.896723632814
1205,79.22217994689942,22562.27744140625
1206,72.71312866210937,19494.027666015623
1207,76.74358867645263,20985.9213671875
1208,78.38973049163819,22005.3819921875
1209,74.44255996704102,20587.064365234375
1210,74.42479858398437,20550.04201660156
1211,75.41818748474121,21655.603549804688
1212,72.99278160095214,19053.92654296875
1213,79.16876502990722,22508.94530761719
1214,76.92168300628663,21746.75134765625
1215,73.28518253326416,20150.958891601564
1216,71.3063062286377,20129.8034375
1217,74.27362697601319,20932.141201171875
1218,74.57984176635742,20331.865024414063
1219,76.29208831787109,20445.810073242188
1220,76.62466506958008,21412.566767578126
1221,75.30085014343261,20388.37926269531
1222,74.8609130859375,20780.073940429687
1223,80.09739280700684,22690.883427734374
1224,75.241904296875,20604.30551269531
1225,74.2709111404419,19177.098369140625
1226,73.5109214401245,19487.10904785156
1227,75.96381565093994,21413.851669921874
1228,74.32567600250245,19866.91240234375
1229,75.29398391723633,20436.7959765625
1230,72.36825675964356,19510.229677734376
1231,74.5168257522583,20907.018740234376
1232,76.10737842559814,20881.966225585937
1233,73.87072578430175,19520.896420898436
1234,76.44844184875488,20817.271918945313
1235,78.38526168823242,22173.47236816406
1236,75.31434032440185,20446.482045898436
1237,75.18861644744874,19908.816547851562
1238,74.33406745910645,20517.360673828123
1239,74.95668731689453,20620.573999023436
1240,76.65296497344971,21176.73537597656
1241,75.16268817901611,21393.240166015625
1242,75.91443977355956,20873.071040039064
1243,76.21826419830322,21894.06786621094
1244,75.66825349807739,21263.424401855467
1245,78.01204578399658,21865.3738671875
1246,76.06328313827515,20559.500419921875
1247,75.26478519439698,20826.771596679686
1248,72.85845790863037,18742.258017578126
1249,80.81924549102783,23552.22216308594
1250,75.83477317810059,20350.016254882812
1251,77.26605472564697,21142.2218359375
1252,76.12978527069092,20163.8903515625
1253,78.76291091918945,21815.346977539062
1254,75.20428050994873,20014.197807617187
1255,74.50884014129639,20101.15704589844
1256,76.60642356872559,21736.87478515625
1257,75.45107208251953,20349.9046484375
1258,75.5125796508789,20787.80302734375
1259,76.76514045715332,20457.685244140626
1260,71.5881192779541,19966.784482421874
1261,76.37826820373535,21880.28045410156
1262,77.14057891845704,20936.876420898436
1263,77.83224838256837,21791.85469238281
1264,75.45810546875,20526.08759765625
1265,74.90023891448975,21662.625715332033
1266,80.82106357574463,22504.991806640624
1267,75.38031036376952,19985.52229980469
1268,80.31270820617675,22135.159946289063
1269,83.06045761108399,22699.75668457031
1270,82.70968173980712,23194.116645507813
1271,78.28953731536865,20908.535297851562
1272,78.10610187530517,21372.72978515625
1273,76.66341156005859,20460.848671875
1274,79.53749954223633,21547.289072265627
1275,76.974093208313,21049.385869140624
1276,76.56505100250244,21440.951728515625
1277,79.1209408569336,22075.810810546875
1278,74.05905796051026,19755.384389648436
1279,76.9927144241333,21182.77852050781
1280,76.28875003814697,20822.257717285156
1281,75.37747459411621,20113.091118164062
1282,77.31979927062989,20178.553505859374
1283,77.2090200805664,22047.60335449219
1284,77.85936473846435,21255.238178710937
1285,73.27157238006592,19207.65173828125
1286,78.4275640487671,21975.0475390625
1287,78.13025051116944,21943.684643554687
1288,76.11990756988526,20204.357158203125
1289,71.56096500396728,19148.44906738281
1290,79.02732524871826,22568.829541015624
1291,74.54038475036621,20289.80568359375
1292,75.5162328338623,20226.88771484375
1293,73.26821655273437,19848.749912109375
1294,71.59151462554932,18755.512109375
1295,74.42061641693115,20311.310961914063
1296,77.15762794494628,20561.74939453125
1297,76.81909446716308,20842.34262207031
1298,76.98327480316162,20880.373564453126
1299,76.5952797317505,20895.82488769531
1300,78.02379356384277,22391.427802734375
1301,74.15301433563232,20122.963486328124
1302,73.86622596740723,19394.498901367188
1303,75.99155281066895,20880.05126953125
1304,72.81365962982177,19231.341186523438
1305,73.32931035995483,19844.421433105468
1306,76.11989532470703,20934.952958984373
1307,76.11988655090332,20092.294638671876
1308,74.70978015899658,19817.62089355469
1309,75.91375022888184,19377.942729492188
1310,74.61214199066163,19788.804721679688
1311,73.28765785217286,19608.679853515627
1312,78.65775964736939,21543.043979492188
1313,75.67413707733154,20890.789790039064
1314,74.35496601104737,19803.260512695313
1315,72.77406116485595,18373.2076953125
1316,79.40024017333984,22116.929951171875
1317,77.31024417877197,20877.84492675781
1318,80.31171482086182,21632.7050390625
1319,78.05094482421875,21886.379638671875
1320,74.08690742492676,19830.085283203123
1321,73.21940685272217,18869.47671386719
1322,76.66517906188965,20973.636147460937
1323,78.5798356628418,22385.45039794922
1324,74.58015396118164,19800.266860351563
1325,74.46604679107666,19418.278056640625
1326,75.47483070373535,20506.43016357422
1327,79.21828399658203,21503.659638671874
1328,78.90217418670655,22157.185009765624
1329,76.4821849822998,20580.258911132812
1330,78.15289566040039,22388.873959960936
1331,79.66494270324706,22829.241513671874
1332,77.79471529006958,21011.169482421876
1333,78.77720211029053,22303.181484375
1334,79.84974227905273,21931.000029296876
1335,80.89835311889648,23015.085107421874
1336,82.90363567352296,23106.660551757814
1337,77.50014957427979,20944.572421875
1338,79.77121730804443,22397.58315917969
1339,79.28567363739013,22221.080419921876
1340,80.10455070495605,21935.569814453123
1341,76.58562713623047,20478.77619628906
1342,76.86639221191406,21379.99666015625
1343,79.28343173980713,22776.90936035156
1344,77.07272224426269,22067.820991210938
1345,74.90036693572998,20921.431953125
1346,79.28962329864503,21444.91373535156
1347,80.38443031311036,22914.618095703125
1348,77.36470218658447,21623.130620117186
1349,76.61814807891845,21657.22140625
1350,80.6461742401123,23018.783525390623
1351,79.98971492767333,21676.41475097656
1352,75.6463345336914,20493.219267578126
1353,83.1803719329834,22835.273706054686
1354,80.3408882522583,23016.57900390625
1355,77.48779613494872,21425.015034179687
1356,78.01634834289551,21704.14576171875
1357,76.8183505821228,22014.928149414063
1358,78.20304452896119,20710.745346679687
1359,77.74755565643311,21585.59091796875
1360,78.81555610656739,21479.313022460938
1361,76.3110012435913,20916.202856445314
1362,79.57634399414063,22052.101201171874
1363,76.85014232635498,20492.813686523437
1364,76.19342178344726,20697.54147949219
1365,74.58112064361572,19777.832587890625
1366,73.02751136779786,19742.242607421875
1367,77.225546875,21899.024306640626
1368,77.00344184875489,21353.82354980469
1369,72.72671211242675,19462.358657226563
1370,75.85193016052246,21148.864658203125
1371,78.85837188720703,21558.597270507813
1372,78.65819961547851,22006.732172851564
1373,75.91067443847656,20985.266904296874
1374,76.68807411193848,21952.771057128906
1375,73.09725929260254,20165.278725585937
1376,77.34723752975464,21000.483029785155
1377,77.12416961669922,21406.33577636719
1378,77.69808849334717,21378.622041015624
1379,75.91449069976807,20399.406240234373
1380,74.29113765716552,20549.045302734376
1381,76.65353870391846,21097.585952148438
1382,78.09095222473144,21334.657548828123
1383,77.72166763305664,21327.15466796875
1384,78.01400402069092,22283.535112304686
1385,79.78468635559082,21369.27875
1386,77.47733455657959,21950.18884765625
1387,77.80603248596191,21818.98994140625
1388,75.9322117614746,20800.409145507812
1389,77.7962565612793,22309.76628417969
1390,77.90776878356934,21607.964243164064
1391,77.15262294769288,19236.202587890624
1392,86.4666198348999,23914.7440625
1393,81.1732262802124,22013.646042480468
1394,81.81140022277832,22524.70025390625
1395,82.48787727355958,23666.864267578127
1396,78.22034450531005,22520.243134765624
1397,80.56323070526123,22827.802124023438
1398,82.59187412261963,23366.914423828126
1399,81.04029579162598,22855.248920898437
1400,81.11796501159668,22076.110571289064
1401,83.72853481292725,24169.09013671875
1402,82.79997650146484,24107.319013671877
1403,79.2896150970459,22154.45929199219
1404,81.03898113250733,22365.067578125
1405,78.39859573364258,21205.613447265627
1406,80.517151222229,22069.409560546876
1407,82.12939254760742,23560.632841796876
1408,78.89288887023926,21585.061171875
1409,80.40653350830078,22638.754672851563
1410,79.64148714065551,23486.07408203125
1411,78.80997524261474,21776.602456054687
1412,80.04821430206299,22187.5129296875
1413,79.28751575469971,21736.624345703123
1414,76.37463615417481,20580.673828125
1415,79.59945636749268,23250.295654296875
1416,76.74235919952393,20954.123564453126
1417,75.22209228515625,20650.090439453124
1418,81.32452926635742,23620.5893359375
1419,78.44609867095947,21862.88447265625
1420,78.26336669921875,22262.29702636719
1421,77.25180072784424,21442.3478515625
1422,77.8958076095581,21749.8448828125
1423,79.89441638946533,22157.77372558594
1424,80.06586868286132,23022.157275390626
1425,75.5894548034668,20296.77312988281
1426,76.07600273132324,20106.991479492186
1427,78.42259147644043,21212.16989746094
1428,79.21965435028076,22360.196821289064
1429,75.41997325897216,20787.962158203125
1430,80.5605139541626,23314.33611816406
1431,77.43033004760743,21645.319584960936
1432,71.95631687164307,18970.351357421874
1433,77.97042924880981,22369.698681640624
1434,75.44061534881592,20306.766123046877
1435,76.38328769683838,20778.44127441406
1436,75.53159187316895,20301.567275390626
1437,73.04372219085694,18883.6687890625
1438,75.46075740814209,21212.112290039062
1439,76.068369140625,20818.880576171876
1440,78.59104442596436,21898.537944335938
1441,76.62726531982422,21146.417373046876
1442,74.45087505340577,19612.70443847656
1443,77.62834190368652,22047.45705566406
1444,77.19785850524903,21716.290810546874
1445,74.60186744689942,19822.74361328125
1446,74.48558708190917,20546.217661132814
1447,76.13099617004394,20318.442758789064
1448,76.82199451446533,21554.400478515625
1449,76.27383445739746,20506.630102539064
1450,76.63912605285644,20935.929594726564
1451,74.77084899902344,19764.613564453124
1452,74.96264350891113,20256.925903320312
1453,76.37341163635254,20655.60625
1454,75.17845642089844,20636.8968359375
1455,75.87792724609375,22005.7881640625
1456,76.89205322265624,22012.453427734374
1457,73.72424983978271,20063.79508300781
1458,76.89412185668945,20791.0103125
1459,80.23886981964111,22591.920854492186
1460,78.3253067779541,21299.668251953124
1461,79.33376068115234,21816.837846679686
1462,77.89246536254883,21655.410966796873
1463,77.76790203094482,21438.37711425781
1464,76.06261798858642,20677.335327148438
1465,77.37698417663574,21221.448168945313
1466,73.75947799682618,20332.35695800781
1467,75.21858516693115,20465.329423828123
1468,75.28215705871582,20447.44729248047
1469,76.8559412765503,21577.65552734375
1470,75.0074723815918,20559.10251953125
1471,77.57847354888916,21397.99322265625
1472,74.4722964477539,20128.18051269531
1473,76.53878868103027,21378.006572265625
1474,76.95230819702148,21813.311474609374
1475,79.89182495117187,22615.306826171876
1476,81.01311698913574,21577.2692578125
1477,77.43366535186767,21725.219272460938
1478,82.08273498535156,24208.47994140625
1479,76.16873882293702,21149.098828125
1480,75.62249221801758,20947.463046875
1481,77.24486965179443,21713.831804199217
1482,77.1203377532959,21193.25142578125
1483,77.90479774475098,21495.5894140625
1484,75.4705171585083,20749.23189453125
1485,77.10696743011475,22048.76726074219
1486,75.64407733917237,20877.895444335936
1487,74.84895961761475,21020.271450195312
1488,75.27303035736084,19874.369838867187
1489,76.67532440185546,20915.229072265625
1490,75.65589935302734,20848.416694335938
1491,76.5433345413208,21053.5528515625
1492,75.70777353286744,20800.85827392578
1493,74.66380870819091,20779.034243164064
1494,78.13469524383545,21949.196806640626
1495,75.15394752502442,19964.930883789064
1496,74.99092994689941,20573.629360351562
1497,79.54224571228028,22677.12351074219
1498,76.44689785003662,22280.594487304686
1499,75.47160083770751,20345.2157421875
1500,77.91126106262207,21191.712807617187
1501,79.33729598999024,21868.506572265625
1502,79.56302570343017,22294.902060546876
1503,77.7063526916504,21591.31556640625
1504,77.9889599609375,21708.947866210936
1505,75.68636119842529,20809.614423828127
1506,75.20605758666993,20517.873564453126
1507,80.44593730926513,22638.845629882813
1508,80.26612953186036,23352.206689453124
1509,77.11163806915283,20861.44458984375
1510,76.53326553344726,21560.423393554687
1511,76.43991809844971,21397.20400390625
1512,76.63804473876954,21338.4436328125
1513,76.08085952758789,20921.863740234374
1514,73.11635234832764,19162.583413085937
1515,79.6296379852295,22784.841889648436
1516,76.9043836593628,21653.948310546875
1517,77.73341674804688,21206.4058984375
1518,73.91328517913819,19846.23532714844
1519,75.27363094329834,20714.353994140623
1520,76.73583969116211,21513.026635742186
1521,79.63534927368164,22298.46509765625
1522,82.22056289672851,23754.03328125
1523,75.83515224456787,20623.1171484375
1524,75.46928272247314,20537.49890625
1525,76.79076370239258,21683.366416015626
1526,73.61113960266113,19381.563994140626
1527,74.38851039886475,20308.784951171874
1528,74.89282901763916,20114.56170410156
1529,79.68966575622558,22121.90435546875
1530,77.09907108306885,21102.4644921875
1531,77.10986888885498,21256.398107910158
1532,78.4165721130371,21848.752041015625
1533,72.89157590866088,19828.66750488281
1534,77.50314823150634,21144.235786132813
1535,74.21599998474122,20243.110029296877
1536,77.47854114532471,21114.015244140624
1537,76.71615715026856,20487.90593261719
1538,76.19529289245605,20464.497783203125
1539,74.86662410736083,20013.663466796876
1540,73.89644771575928,19837.71994140625
1541,75.79362884521484,20428.660263671874
1542,80.34811477661133,22386.958232421875
1543,78.5343514251709,21597.03317871094
1544,78.72689697265625,22059.164965820313
1545,79.02976070404053,22473.140698242187
1546,79.02018104553223,22629.285688476564
1547,78.70206840515137,20537.435610351564
1548,82.88247661590576,22629.3441796875
1549,81.98184715270996,22675.479506835938
1550,79.17811191558837,22320.235092773437
1551,80.35569168090821,21964.72169921875
1552,78.01598526000977,20921.225634765626
1553,79.27396770477294,21600.77421875
1554,77.09902542114258,20212.551796875
1555,79.30776885986329,21755.072470703126
1556,77.93499713897705,21411.271640625
1557,78.72477069854736,21126.1945703125
1558,79.61388095855713,22721.71041015625
1559,78.66063404083252,21377.355903320313
1560,75.30736053466796,20161.86182128906
1561,76.07936408996582,20818.6501171875
1562,78.08792221069336,20556.94009277344
1563,83.38870868682861,23772.892568359373
1564,76.33556312561035,20626.459560546875
1565,75.90636199951172,20510.621435546876
1566,76.89764297485351,21543.225205078124
1567,75.21060375213624,19797.748608398437
1568,71.16884685516358,18336.957075195314
1569,75.79009281158447,21367.186494140624
1570,80.62704563140869,23195.769594726564
1571,76.57843032836914,20128.25306640625
1572,77.99534950256347,21137.30497558594
1573,74.72273124694824,19685.550327148438
1574,75.95400379180909,21109.5274609375
1575,79.2718260192871,22391.86053222656
1576,80.36044609069825,22542.05400390625
1577,78.53687080383301,21402.612548828125
1578,76.45376495361329,21353.845185546874
1579,77.86028224945068,21700.467963867188
1580,74.9597146987915,20154.765302734377
1581,77.10249290466308,21570.416181640627
1582,79.05232437133789,22298.958330078123
1583,78.41261768341064,22842.650131835937
1584,77.08925148010253,21860.193154296874
1585,76.74049156188966,21089.38962402344
1586,76.03919437408447,21072.89958984375
1587,77.26765510559082,20862.036416015624
1588,77.43981147766114,22102.798559570314
1589,76.74398410797119,21877.86880859375
1590,73.53883975982666,19450.983525390624
1591,75.11498203277588,20582.606767578123
1592,77.14921592712402,21427.580913085938
1593,75.6291192817688,19803.793542480467
1594,78.90508949279786,22157.711948242188
1595,76.78158020019531,21016.10172363281
1596,75.89257968902588,20350.679985351562
1597,77.97403575897216,21094.243994140626
1598,80.37210548400878,23180.1255859375
1599,77.72032745361328,21578.223403320313
1600,74.49074602127075,19761.309235839843
1601,82.68532466888428,23673.494345703126
1602,82.10539207458496,23499.753701171874
1603,77.66467296600342,21869.959609375
1604,79.99323032379151,21043.372124023437
1605,80.63073802947999,22382.178095703126
1606,78.39541332244873,21028.542622070312
1607,81.32001106262207,22266.584360351564
1608,79.0236135482788,22028.924418945313
1609,78.21967693328857,21151.559643554687
1610,80.51204639434815,22894.405576171874
1611,76.50627105712891,20493.250419921875
1612,77.92875499725342,22290.15583984375
1613,76.0056634902954,21272.88765625
1614,74.95927753448487,20971.611884765625
1615,74.73936550140381,20685.8719140625
1616,77.36595378875732,21526.688256835936
1617,76.02899158477783,21920.7003515625
1618,79.27030555725098,22806.41487792969
1619,78.24487224578857,22267.574775390625
1620,75.65870700836182,20806.41241699219
1621,77.58192817687988,21823.1058203125
1622,81.1489554977417,22291.561064453126
1623,77.83786186218262,21247.981962890626
1624,75.27899433135987,20801.094809570313
1625,74.94328231811524,19973.534243164064
1626,76.71971221923827,20912.360874023438
1627,77.32013893127441,20898.423559570314
1628,76.86174659729004,21094.097241210937
1629,77.02918109893798,21046.789267578126
1630,78.06002258300781,21668.561611328125
1631,77.82509441375733,20377.752177734375
1632,74.1189282989502,19674.955986328125
1633,79.11996021270753,21882.28837402344
1634,75.65780261993409,20523.279204101564
1635,77.28437839508057,21340.145927734375
1636,71.01655574798583,18021.554624023436
1637,76.54288089752197,21392.677661132813
1638,75.72861904144287,20481.242602539063
1639,77.038692111969,22161.541645507812
1640,76.81740585327148,21303.163464355468
1641,77.65294013977051,20149.194252929687
1642,78.47871685028076,21905.157573242188
1643,75.62994686126709,20523.79651855469
1644,73.66312183380127,19613.00879394531
1645,77.9032211303711,22111.152001953124
1646,77.472092628479,21552.56318359375
1647,77.07009639739991,21738.710224609375
1648,78.19734886169434,22059.050063476563
1649,75.82939720153809,20978.08890625
1650,76.41492572784423,21461.303596191407
1651,75.02447463989257,20070.680263671875
1652,75.07659088134766,20494.45736328125
1653,80.91007522583008,24371.44273925781
1654,77.02198596954345,22006.386103515626
1655,75.9083900642395,20839.34590332031
1656,78.62159111022949,22022.770590820313
1657,75.73090068817139,21178.884184570314
1658,78.13437915802002,21742.755322265624
1659,78.69263198852539,22579.940688476563
1660,74.55434730529785,20168.051284179688
1661,77.99814289093018,20401.10578613281
1662,74.65467348098755,19912.786025390626
1663,75.20574420928955,20828.942104492187
1664,77.67714447021484,20989.30650878906
1665,77.12383712768555,21864.166171875
1666,78.5947494506836,22125.757397460937
1667,75.5736120223999,20520.66177001953
1668,75.74036312103271,21188.100532226563
1669,74.3340146446228,19451.157573242188
1670,76.22324649810791,21751.491586914064
1671,75.3437289428711,21071.021623535155
1672,72.42202365875244,17947.49837402344
1673,79.41590362548828,22530.314506835937
1674,75.59846591949463,20532.5296875
1675,80.59743980407715,22759.675698242187
1676,77.69758441925049,22119.364204101563
1677,79.97649482727051,22652.023842773437
1678,77.40738132476807,21343.718818359375
1679,79.31629390716553,22427.692680664062
1680,76.70269611358643,21153.71162109375
1681,77.3400172805786,21154.825666503908
1682,78.28821395874023,21928.863779296877
1683,77.13355403900147,20267.43796386719
1684,81.29463085174561,23380.416328125
1685,78.14582466125488,21475.200615234375
1686,77.11831665039062,21553.714428710937
1687,76.17762157440185,20760.633159179688
1688,76.97037406921386,20637.937724609375
1689,73.69786727905273,20144.39103515625
1690,80.81456855773926,22817.37361328125
1691,76.18420658111572,20678.539638671875
1692,73.66616096496583,21138.522033691406
1693,79.13979267120361,22735.271181640626
1694,74.96553176879883,19598.70445800781
1695,77.45952239990234,21661.12076171875
1696,77.86327514648437,21763.409057617188
1697,75.07952575683593,19954.16146972656
1698,76.7687979888916,20441.424848632814
1699,73.4868500137329,19846.794331054687
1700,76.65087619781494,20652.549868164064
1701,77.97291290283204,21134.897783203123
1702,77.28682621002197,21478.542221679687
1703,79.83309406280517,22330.554970703124
1704,80.43831916809081,23248.735434570313
1705,78.2648611831665,21625.408725585938
1706,77.55743721008301,21512.219174804686
1707,76.4636100578308,21113.50960449219
1708,75.26016750335694,20792.6540625
1709,71.72254749298095,19306.9900390625
1710,76.93453289031983,21671.31522949219
1711,75.4082234954834,21592.311577148437
1712,77.02883701324463,20483.240766601564
1713,73.592590675354,20699.96551269531
1714,76.93828575134278,21910.114494628906
1715,76.7385322189331,20112.956513671874
1716,77.47313632965088,22470.86173828125
1717,72.47676582336426,19560.65608642578
1718,73.89381252288818,20453.432895507813
1719,73.41882946014404,20612.655256347658
1720,75.93154621124268,20694.4306640625
1721,78.50057048797608,21707.465395507814
1722,77.30727798461913,21283.911337890626
1723,78.37607147216796,23109.389243164063
1724,73.15179767608643,19808.338525390624
1725,70.74912509918212,18059.319223632814
1726,74.9324374961853,20566.09203125
1727,74.74498039245606,20160.82794433594
1728,74.17136287689209,20432.31689941406
1729,76.9615729522705,21936.2358984375
1730,77.18375465393066,21534.584194335937
1731,71.55850730895996,18184.89631347656
1732,73.17221313476563,19796.260380859374
1733,75.3800117111206,20260.06899902344
1734,75.03973682403564,20740.937451171874
1735,73.55718563079834,19953.631088867187
1736,77.02913703918458,21682.819755859375
1737,75.44388633728028,21399.601904296876
1738,74.12481399536132,20169.310288085937
1739,71.59524772644043,19027.60711425781
1740,73.59469650268555,20464.66158203125
1741,75.18925193786622,19728.45548828125
1742,76.85416030883789,21627.622265625
1743,71.65193462371826,19101.792861328126
1744,75.45192691802978,20748.311430664064
1745,74.28165390014648,20733.656953125
1746,75.14355346679687,20766.01666015625
1747,73.847763671875,19677.726513671874
1748,75.32368927001953,19964.674389648437
1749,74.69420230865478,20692.2553125
1750,74.08114227294922,20452.390310058592
1751,74.85332027435302,20659.101755371095
1752,75.59369583129883,21035.932509765626
1753,76.42789352416992,22056.91308105469
1754,73.43780216217041,20108.133310546877
1755,76.03643928527832,21228.328505859376
1756,73.14709363937378,20173.689079589843
1757,75.25124057769776,21401.13029296875
1758,72.35063163757324,20450.28690917969
1759,76.21423946380615,21364.750029296876
1760,73.79772037506103,20252.094982910156
1761,74.42670238494873,20193.81529785156
1762,74.51946750640869,20935.544624023438
1763,78.11235095977783,21998.738012695314
1764,69.9257666015625,18682.9629296875
1765,75.7458687210083,20359.780161132814
1766,71.7919331741333,18932.530983886718
1767,74.53097778320313,19758.83703125
1768,70.95377075195313,19568.407172851563
1769,76.5099352645874,21031.985122070313
1770,75.2959561920166,19959.834213867187
1771,73.96087142944336,20784.14224121094
1772,73.09108222961426,19500.182138671877
1773,78.95406311035157,23201.401625976563
1774,73.61558250427247,19869.215849609376
1775,74.41499549865722,19853.318793945313
1776,76.68531677246094,20880.529052734375
1777,77.42275501251221,21350.3071484375
1778,77.46188591003418,21574.18224609375
1779,73.70690073013306,19043.00002441406
1780,77.0175178527832,21158.0345703125
1781,75.96698741912842,20515.773681640625
1782,78.96502574920655,21989.943828125
1783,75.87857139587402,20600.27154296875
1784,75.50298641204834,20792.656489257814
1785,73.74879119873047,20107.807021484376
1786,76.64117141723632,20976.22421875
1787,76.89957626342773,21281.948681640624
1788,83.7192350769043,23752.822314453126
1789,77.40022216796875,20823.49333496094
1790,74.84310737609863,20551.11099609375
1791,73.80343212127686,20099.635327148437
1792,78.6468459701538,22010.241982421874
1793,78.68675979614258,23208.025439453126
1794,76.74955627441406,21782.50564453125
1795,76.5220316696167,20629.953959960938
1796,74.5385387802124,20995.520434570313
1797,73.18538440704346,19652.697490234375
1798,73.17155765533447,19470.447202148436
1799,78.51652976989746,22436.634750976562
1800,77.48630126953125,21357.298618164063
1801,74.85757461547851,21274.194946289062
1802,77.73034942626953,21459.767814941406
1803,74.9034196472168,19284.740024414063
1804,76.97670379638672,22429.58085449219
1805,78.79160018920898,22178.54032714844
1806,79.07997343063354,22440.97833496094
1807,74.40590469360352,20770.940727539062
1808,75.18398761749268,20722.662993164064
1809,78.13657402038574,22334.049951171874
1810,72.28775650024414,19492.090068359375
1811,75.98775978088379,21093.70826171875
1812,74.581742477417,20215.425478515626
1813,78.04011161804199,22778.629521484374
1814,78.34094463348389,22024.381596679686
1815,74.54572746276855,20761.22548828125
1816,72.66414192199707,19426.888486328124
1817,77.72919227600097,21004.630888671876
1818,76.30433769226075,20146.39826660156
1819,73.63031036376952,19658.848857421875
1820,73.65428169250488,20579.034194335938
1821,73.95705726623535,20286.898178710937
1822,72.3995315170288,19972.302651367187
1823,77.99654754638672,21313.992534179688
1824,75.90461296081543,21137.545063476562
1825,79.66200813293457,23588.918598632812
1826,74.44300609588623,20901.127509765625
1827,73.97235111236573,20228.002807617188
1828,71.01203296661377,18682.12743652344
1829,72.27064487457275,19106.14903076172
1830,72.254469871521,20152.093671875
1831,74.6073429107666,20684.864150390626
1832,73.91765155792237,19775.263110351563
1833,73.06575382232666,19550.462963867187
1834,76.77107578277588,21019.137116699218
1835,76.97453269958496,21796.391884765624
1836,74.95033432006836,20155.89337402344
1837,75.8689499282837,21319.6893359375
1838,74.34022426605225,20159.6082421875
1839,78.61228504180909,21805.237255859374
1840,72.66257232666015,19294.817749023438
1841,75.71066322326661,19733.17200683594
1842,79.38216106414795,23490.0118359375
1843,74.67634937286377,20627.4294140625
1844,76.25155414581299,20674.69562988281
1845,78.2778833770752,21930.75833984375
1846,74.7394972229004,19930.97140625
1847,75.32764392852783,20468.297436523437
1848,74.77151754379273,20985.895544433595
1849,73.30111499786376,19388.574716796877
1850,72.7893773841858,19516.27196044922
1851,77.25707378387452,20879.8672265625
1852,72.68775485992431,19318.75914550781
1853,74.43206371307373,20090.357231445312
1854,77.84762687683106,21786.30856933594
1855,73.06547264099122,19855.095517578124
1856,71.89828727722168,18842.286225585936
1857,72.8775171661377,18788.663432617188
1858,75.46941268920898,20848.988696289063
1859,74.71521533966065,20835.41732910156
1860,76.2672233581543,21236.445068359375
1861,75.83211631774903,21537.094501953125
1862,73.56287487030029,20655.358232421873
1863,73.54421352386474,20354.43325683594
1864,75.45746974945068,21001.891904296874
1865,76.45385501861573,21702.493566894533
1866,75.46828449249267,20711.452827148438
1867,73.26400444030762,19635.58807128906
1868,70.20991649627686,18563.830380859374
1869,73.4507360458374,19984.865620117187
1870,73.68094987869263,20223.79456542969
1871,77.4322236251831,21699.06837890625
1872,74.5355708694458,20158.17269042969
1873,74.01436431884765,19706.289873046873
1874,77.75697216033936,21608.512504882812
1875,71.75689838409424,20193.714814453124
1876,74.8880952835083,19579.236953125
1877,75.7299694442749,21038.00616699219
1878,72.90224241256713,20112.526948242186
